{"cameraMode":{"drawMode":0,"name":"Shaded","section":"Shading Mode"},"sceneLighting":true,"audioPlay":false,"sceneViewState":{"showFog":true,"showMaterialUpdate":false,"showSkybox":true,"showFlares":true,"showImageEffects":true,"showParticleSystems":true},"in2DMode":false,"pivot":{"x":-78.67639923095703,"y":-7.049524784088135,"z":-5.574153900146484},"rotation":{"x":-0.05223750323057175,"y":0.7039108872413635,"z":-0.05205002427101135,"w":-0.7064499855041504},"size":138.90599060058595,"orthographic":false}