{"cameraMode":{"drawMode":0,"name":"Shaded","section":"Shading Mode"},"sceneLighting":true,"audioPlay":false,"sceneViewState":{"showFog":true,"showMaterialUpdate":false,"showSkybox":true,"showFlares":true,"showImageEffects":true,"showParticleSystems":true},"in2DMode":false,"pivot":{"x":2.677243232727051,"y":-2.4186830520629885,"z":20.768596649169923},"rotation":{"x":0.11238697916269303,"y":0.05691395699977875,"z":-0.006448041647672653,"w":0.9920123219490051},"size":27.6480712890625,"orthographic":false}